Time,SpeciesName,NumCohortsPlanting,NumCohortsSerotiny,NumCohortsResprout,NumCohortsSeed,
1, ArbuMenz, 0, 0, 47348, 34201, 
1, Arctosta, 0, 0, 35066, 90401, 
1, CaloDecu, 0, 0, 0, 16973, 
1, Ceanothu, 0, 0, 0, 25857, 
1, ChryChry, 0, 0, 1648, 3480, 
1, Frangula, 0, 0, 400, 11883, 
1, Garrya, 0, 0, 28, 51203, 
1, GaulShal, 0, 0, 1354, 13074, 
1, MahoNerv, 0, 0, 1880, 9161, 
1, NothDens, 0, 0, 6536, 146447, 
1, PinuJeff, 0, 0, 0, 57130, 
1, PinuLamb, 0, 0, 0, 6218, 
1, PinuMont, 0, 0, 0, 0, 
1, PseuMenz, 0, 0, 0, 9100, 
1, Quercus, 0, 0, 6730, 76211, 
1, Rhododen, 0, 0, 574, 5001, 
1, Rubus, 0, 0, 355, 10112, 
1, Vacciniu, 0, 0, 725, 98701, 
1, WhipMode, 0, 0, 1316, 53671, 
2, ArbuMenz, 0, 0, 43969, 65989, 
2, Arctosta, 0, 0, 29827, 117600, 
2, CaloDecu, 0, 0, 0, 165052, 
2, Ceanothu, 0, 0, 0, 30327, 
2, ChryChry, 0, 0, 2282, 21078, 
2, Frangula, 0, 0, 600, 14851, 
2, Garrya, 0, 0, 134, 76311, 
2, GaulShal, 0, 0, 1076, 31457, 
2, MahoNerv, 0, 0, 105, 13489, 
2, NothDens, 0, 0, 10437, 197275, 
2, PinuJeff, 0, 0, 0, 69473, 
2, PinuLamb, 0, 0, 0, 38710, 
2, PinuMont, 0, 0, 0, 21277, 
2, PseuMenz, 0, 0, 0, 53143, 
2, Quercus, 0, 0, 6329, 77896, 
2, Rhododen, 0, 0, 267, 62973, 
2, Rubus, 0, 0, 107, 10177, 
2, Vacciniu, 0, 0, 1336, 137650, 
2, WhipMode, 0, 0, 697, 75182, 
3, ArbuMenz, 0, 0, 16670, 91651, 
3, Arctosta, 0, 0, 8569, 142307, 
3, CaloDecu, 0, 0, 0, 198517, 
3, Ceanothu, 0, 0, 0, 33370, 
3, ChryChry, 0, 0, 877, 25283, 
3, Frangula, 0, 0, 195, 17443, 
3, Garrya, 0, 0, 11, 83202, 
3, GaulShal, 0, 0, 332, 36482, 
3, MahoNerv, 0, 0, 23, 14935, 
3, NothDens, 0, 0, 4067, 226119, 
3, PinuJeff, 0, 0, 0, 88473, 
3, PinuLamb, 0, 0, 0, 47879, 
3, PinuMont, 0, 0, 0, 5531, 
3, PseuMenz, 0, 0, 0, 63394, 
3, Quercus, 0, 0, 1701, 89759, 
3, Rhododen, 0, 0, 66, 42483, 
3, Rubus, 0, 0, 26, 10891, 
3, Vacciniu, 0, 0, 425, 151022, 
3, WhipMode, 0, 0, 125, 85696, 
4, ArbuMenz, 0, 0, 21805, 49868, 
4, Arctosta, 0, 0, 13450, 105764, 
4, CaloDecu, 0, 0, 0, 87730, 
4, Ceanothu, 0, 0, 0, 22871, 
4, ChryChry, 0, 0, 1347, 9774, 
4, Frangula, 0, 0, 295, 10075, 
4, Garrya, 0, 0, 82, 62017, 
4, GaulShal, 0, 0, 387, 23126, 
4, MahoNerv, 0, 0, 7, 10930, 
4, NothDens, 0, 0, 6272, 139803, 
4, PinuJeff, 0, 0, 0, 61729, 
4, PinuLamb, 0, 0, 0, 20481, 
4, PinuMont, 0, 0, 0, 0, 
4, PseuMenz, 0, 0, 0, 27532, 
4, Quercus, 0, 0, 3743, 67478, 
4, Rhododen, 0, 0, 115, 0, 
4, Rubus, 0, 0, 15, 7952, 
4, Vacciniu, 0, 0, 641, 110753, 
4, WhipMode, 0, 0, 140, 63549, 
5, ArbuMenz, 0, 0, 17168, 31435, 
5, Arctosta, 0, 0, 12520, 77996, 
5, CaloDecu, 123228, 0, 0, 26887, 
5, Ceanothu, 0, 0, 0, 16792, 
5, ChryChry, 0, 0, 947, 3253, 
5, Frangula, 0, 0, 229, 6610, 
5, Garrya, 0, 0, 83, 48318, 
5, GaulShal, 0, 0, 448, 14590, 
5, MahoNerv, 0, 0, 55, 8174, 
5, NothDens, 0, 0, 5470, 121978, 
5, PinuJeff, 0, 0, 0, 43122, 
5, PinuLamb, 0, 0, 0, 6841, 
5, PinuMont, 0, 0, 0, 0, 
5, PseuMenz, 123981, 0, 0, 9305, 
5, Quercus, 0, 0, 2998, 51867, 
5, Rhododen, 0, 0, 243, 20131, 
5, Rubus, 0, 0, 42, 9824, 
5, Vacciniu, 0, 0, 569, 84986, 
5, WhipMode, 0, 0, 330, 50555, 
6, ArbuMenz, 0, 0, 27324, 25274, 
6, Arctosta, 0, 0, 15213, 78156, 
6, CaloDecu, 0, 0, 0, 17190, 
6, Ceanothu, 0, 0, 0, 16897, 
6, ChryChry, 0, 0, 1618, 2044, 
6, Frangula, 0, 0, 432, 5615, 
6, Garrya, 0, 0, 293, 47706, 
6, GaulShal, 0, 0, 651, 12837, 
6, MahoNerv, 0, 0, 62, 8394, 
6, NothDens, 0, 0, 7223, 119488, 
6, PinuJeff, 0, 0, 0, 44098, 
6, PinuLamb, 0, 0, 0, 5219, 
6, PinuMont, 0, 0, 0, 0, 
6, PseuMenz, 0, 0, 0, 7155, 
6, Quercus, 0, 0, 3605, 52646, 
6, Rhododen, 0, 0, 238, 4801, 
6, Rubus, 0, 0, 65, 12591, 
6, Vacciniu, 0, 0, 973, 82818, 
6, WhipMode, 0, 0, 422, 51415, 
7, ArbuMenz, 0, 0, 27305, 40369, 
7, Arctosta, 0, 0, 14232, 85944, 
7, CaloDecu, 0, 0, 0, 69450, 
7, Ceanothu, 0, 0, 0, 16316, 
7, ChryChry, 0, 0, 1647, 7357, 
7, Frangula, 0, 0, 472, 7029, 
7, Garrya, 0, 0, 499, 56748, 
7, GaulShal, 0, 0, 813, 18267, 
7, MahoNerv, 0, 0, 137, 9952, 
7, NothDens, 0, 0, 7938, 139016, 
7, PinuJeff, 0, 0, 0, 46119, 
7, PinuLamb, 0, 0, 0, 14078, 
7, PinuMont, 0, 0, 0, 0, 
7, PseuMenz, 0, 0, 0, 22078, 
7, Quercus, 0, 0, 3967, 52996, 
7, Rhododen, 0, 0, 266, 13296, 
7, Rubus, 0, 0, 129, 15185, 
7, Vacciniu, 0, 0, 1522, 96813, 
7, WhipMode, 0, 0, 874, 61430, 
8, ArbuMenz, 0, 0, 12798, 31279, 
8, Arctosta, 0, 0, 3869, 78104, 
8, CaloDecu, 0, 0, 0, 45453, 
8, Ceanothu, 0, 0, 0, 14876, 
8, ChryChry, 0, 0, 652, 4218, 
8, Frangula, 0, 0, 162, 6089, 
8, Garrya, 0, 0, 109, 55077, 
8, GaulShal, 0, 0, 325, 17911, 
8, MahoNerv, 0, 0, 57, 9242, 
8, NothDens, 0, 0, 2826, 130267, 
8, PinuJeff, 0, 0, 0, 39230, 
8, PinuLamb, 0, 0, 0, 8248, 
8, PinuMont, 0, 0, 0, 8321, 
8, PseuMenz, 0, 0, 0, 13626, 
8, Quercus, 0, 0, 904, 48482, 
8, Rhododen, 0, 0, 51, 38859, 
8, Rubus, 0, 0, 37, 16075, 
8, Vacciniu, 0, 0, 534, 90750, 
8, WhipMode, 0, 0, 303, 59052, 
9, ArbuMenz, 0, 0, 6998, 69944, 
9, Arctosta, 0, 0, 1996, 102808, 
9, CaloDecu, 0, 0, 0, 189508, 
9, Ceanothu, 0, 0, 0, 19263, 
9, ChryChry, 0, 0, 371, 17766, 
9, Frangula, 0, 0, 115, 10882, 
9, Garrya, 0, 0, 69, 85128, 
9, GaulShal, 0, 0, 155, 33827, 
9, MahoNerv, 0, 0, 35, 14318, 
9, NothDens, 0, 0, 1766, 202358, 
9, PinuJeff, 0, 0, 0, 58021, 
9, PinuLamb, 0, 0, 0, 30504, 
9, PinuMont, 0, 0, 0, 6773, 
9, PseuMenz, 0, 0, 0, 52323, 
9, Quercus, 0, 0, 427, 61830, 
9, Rhododen, 0, 0, 20, 53623, 
9, Rubus, 0, 0, 22, 25858, 
9, Vacciniu, 0, 0, 369, 139347, 
9, WhipMode, 0, 0, 173, 88476, 
10, ArbuMenz, 0, 0, 7633, 42756, 
10, Arctosta, 0, 0, 1814, 84771, 
10, CaloDecu, 48975, 0, 0, 82693, 
10, Ceanothu, 0, 0, 0, 16227, 
10, ChryChry, 0, 0, 477, 9029, 
10, Frangula, 0, 0, 163, 7539, 
10, Garrya, 0, 0, 117, 83902, 
10, GaulShal, 0, 0, 317, 24800, 
10, MahoNerv, 0, 0, 37, 15181, 
10, NothDens, 0, 0, 3058, 148824, 
10, PinuJeff, 0, 0, 0, 39104, 
10, PinuLamb, 0, 0, 0, 12642, 
10, PinuMont, 0, 0, 0, 1994, 
10, PseuMenz, 49252, 0, 0, 22664, 
10, Quercus, 0, 0, 699, 48581, 
10, Rhododen, 0, 0, 44, 44172, 
10, Rubus, 0, 0, 52, 21445, 
10, Vacciniu, 0, 0, 628, 135363, 
10, WhipMode, 0, 0, 363, 78299, 
11, ArbuMenz, 0, 0, 21081, 41913, 
11, Arctosta, 0, 0, 14140, 94863, 
11, CaloDecu, 0, 0, 0, 103473, 
11, Ceanothu, 0, 0, 0, 18414, 
11, ChryChry, 0, 0, 814, 11333, 
11, Frangula, 0, 0, 477, 9482, 
11, Garrya, 0, 0, 1512, 106479, 
11, GaulShal, 0, 0, 383, 23672, 
11, MahoNerv, 0, 0, 59, 21582, 
11, NothDens, 0, 0, 5133, 153364, 
11, PinuJeff, 0, 0, 0, 38512, 
11, PinuLamb, 0, 0, 0, 15944, 
11, PinuMont, 0, 0, 0, 0, 
11, PseuMenz, 0, 0, 0, 28375, 
11, Quercus, 0, 0, 4995, 53561, 
11, Rhododen, 0, 0, 243, 49286, 
11, Rubus, 0, 0, 73, 25070, 
11, Vacciniu, 0, 0, 2202, 165399, 
11, WhipMode, 0, 0, 449, 80075, 
12, ArbuMenz, 0, 0, 24624, 55089, 
12, Arctosta, 0, 0, 15169, 112876, 
12, CaloDecu, 0, 0, 0, 148531, 
12, Ceanothu, 0, 0, 0, 20424, 
12, ChryChry, 0, 0, 824, 15561, 
12, Frangula, 0, 0, 183, 12598, 
12, Garrya, 0, 0, 678, 136712, 
12, GaulShal, 0, 0, 361, 38489, 
12, MahoNerv, 0, 0, 296, 27869, 
12, NothDens, 0, 0, 4078, 171637, 
12, PinuJeff, 0, 0, 0, 42265, 
12, PinuLamb, 0, 0, 0, 22684, 
12, PinuMont, 0, 0, 0, 11297, 
12, PseuMenz, 0, 0, 0, 40232, 
12, Quercus, 0, 0, 3841, 61721, 
12, Rhododen, 0, 0, 248, 101355, 
12, Rubus, 0, 0, 213, 29657, 
12, Vacciniu, 0, 0, 1626, 201266, 
12, WhipMode, 0, 0, 716, 111216, 
13, ArbuMenz, 0, 0, 14408, 35395, 
13, Arctosta, 0, 0, 7587, 83444, 
13, CaloDecu, 0, 0, 0, 98807, 
13, Ceanothu, 0, 0, 0, 13927, 
13, ChryChry, 0, 0, 718, 9813, 
13, Frangula, 0, 0, 235, 9967, 
13, Garrya, 0, 0, 381, 121297, 
13, GaulShal, 0, 0, 316, 33832, 
13, MahoNerv, 0, 0, 108, 25177, 
13, NothDens, 0, 0, 4226, 137170, 
13, PinuJeff, 0, 0, 0, 27355, 
13, PinuLamb, 0, 0, 0, 13722, 
13, PinuMont, 0, 0, 0, 21985, 
13, PseuMenz, 0, 0, 0, 24896, 
13, Quercus, 0, 0, 2140, 48185, 
13, Rhododen, 0, 0, 123, 84559, 
13, Rubus, 0, 0, 134, 25622, 
13, Vacciniu, 0, 0, 1176, 171192, 
13, WhipMode, 0, 0, 668, 98964, 
14, ArbuMenz, 0, 0, 15181, 51316, 
14, Arctosta, 0, 0, 10692, 121060, 
14, CaloDecu, 0, 0, 0, 145377, 
14, Ceanothu, 0, 0, 0, 18505, 
14, ChryChry, 0, 0, 928, 14953, 
14, Frangula, 0, 0, 542, 12942, 
14, Garrya, 0, 0, 1769, 147390, 
14, GaulShal, 0, 0, 408, 45311, 
14, MahoNerv, 0, 0, 30, 32969, 
14, NothDens, 0, 0, 4944, 165701, 
14, PinuJeff, 0, 0, 0, 36579, 
14, PinuLamb, 0, 0, 0, 21592, 
14, PinuMont, 0, 0, 0, 0, 
14, PseuMenz, 0, 0, 0, 37985, 
14, Quercus, 0, 0, 4076, 60612, 
14, Rhododen, 0, 0, 554, 39220, 
14, Rubus, 0, 0, 60, 32240, 
14, Vacciniu, 0, 0, 2533, 208606, 
14, WhipMode, 0, 0, 705, 127851, 
15, ArbuMenz, 0, 0, 6983, 46136, 
15, Arctosta, 0, 0, 5106, 119613, 
15, CaloDecu, 116620, 0, 0, 130665, 
15, Ceanothu, 0, 0, 0, 16153, 
15, ChryChry, 0, 0, 318, 12846, 
15, Frangula, 0, 0, 166, 12011, 
15, Garrya, 0, 0, 722, 141009, 
15, GaulShal, 0, 0, 288, 43722, 
15, MahoNerv, 0, 0, 57, 32824, 
15, NothDens, 0, 0, 2362, 151155, 
15, PinuJeff, 0, 0, 0, 33495, 
15, PinuLamb, 0, 0, 0, 19353, 
15, PinuMont, 0, 0, 0, 2445, 
15, PseuMenz, 118227, 0, 0, 33244, 
15, Quercus, 0, 0, 1682, 56950, 
15, Rhododen, 0, 0, 156, 80022, 
15, Rubus, 0, 0, 135, 29756, 
15, Vacciniu, 0, 0, 993, 194430, 
15, WhipMode, 0, 0, 519, 125612, 
16, ArbuMenz, 0, 0, 11663, 47743, 
16, Arctosta, 0, 0, 7014, 133733, 
16, CaloDecu, 0, 0, 0, 148319, 
16, Ceanothu, 0, 0, 0, 14991, 
16, ChryChry, 0, 0, 539, 13512, 
16, Frangula, 0, 0, 273, 12044, 
16, Garrya, 0, 0, 980, 154734, 
16, GaulShal, 0, 0, 189, 49683, 
16, MahoNerv, 0, 0, 36, 36999, 
16, NothDens, 0, 0, 2691, 165870, 
16, PinuJeff, 0, 0, 0, 31777, 
16, PinuLamb, 0, 0, 0, 20589, 
16, PinuMont, 0, 0, 0, 875, 
16, PseuMenz, 0, 0, 0, 34716, 
16, Quercus, 0, 0, 2276, 58630, 
16, Rhododen, 0, 0, 245, 79232, 
16, Rubus, 0, 0, 43, 28617, 
16, Vacciniu, 0, 0, 1403, 215059, 
16, WhipMode, 0, 0, 404, 139259, 
17, ArbuMenz, 0, 0, 12832, 22848, 
17, Arctosta, 0, 0, 8973, 99723, 
17, CaloDecu, 0, 0, 0, 51476, 
17, Ceanothu, 0, 0, 0, 10072, 
17, ChryChry, 0, 0, 406, 4356, 
17, Frangula, 0, 0, 152, 7002, 
17, Garrya, 0, 0, 514, 116847, 
17, GaulShal, 0, 0, 207, 34287, 
17, MahoNerv, 0, 0, 171, 29189, 
17, NothDens, 0, 0, 1750, 121933, 
17, PinuJeff, 0, 0, 0, 19290, 
17, PinuLamb, 0, 0, 0, 6425, 
17, PinuMont, 0, 0, 0, 8072, 
17, PseuMenz, 0, 0, 0, 10986, 
17, Quercus, 0, 0, 2377, 43555, 
17, Rhododen, 0, 0, 128, 79000, 
17, Rubus, 0, 0, 82, 19370, 
17, Vacciniu, 0, 0, 995, 160819, 
17, WhipMode, 0, 0, 470, 104655, 
18, ArbuMenz, 0, 0, 16691, 32372, 
18, Arctosta, 0, 0, 12781, 116496, 
18, CaloDecu, 0, 0, 0, 118150, 
18, Ceanothu, 0, 0, 0, 11321, 
18, ChryChry, 0, 0, 853, 9213, 
18, Frangula, 0, 0, 492, 9306, 
18, Garrya, 0, 0, 1816, 145284, 
18, GaulShal, 0, 0, 523, 49766, 
18, MahoNerv, 0, 0, 179, 37401, 
18, NothDens, 0, 0, 3798, 146509, 
18, PinuJeff, 0, 0, 0, 21705, 
18, PinuLamb, 0, 0, 0, 13364, 
18, PinuMont, 0, 0, 0, 0, 
18, PseuMenz, 0, 0, 0, 23442, 
18, Quercus, 0, 0, 4157, 49847, 
18, Rhododen, 0, 0, 724, 52612, 
18, Rubus, 0, 0, 199, 22149, 
18, Vacciniu, 0, 0, 2706, 194611, 
18, WhipMode, 0, 0, 833, 132037, 
19, ArbuMenz, 0, 0, 2281, 41798, 
19, Arctosta, 0, 0, 1435, 142871, 
19, CaloDecu, 0, 0, 0, 149840, 
19, Ceanothu, 0, 0, 0, 12776, 
19, ChryChry, 0, 0, 148, 11501, 
19, Frangula, 0, 0, 133, 10893, 
19, Garrya, 0, 0, 246, 168096, 
19, GaulShal, 0, 0, 71, 60604, 
19, MahoNerv, 0, 0, 14, 45162, 
19, NothDens, 0, 0, 586, 166729, 
19, PinuJeff, 0, 0, 0, 26583, 
19, PinuLamb, 0, 0, 0, 17184, 
19, PinuMont, 0, 0, 0, 15453, 
19, PseuMenz, 0, 0, 0, 30003, 
19, Quercus, 0, 0, 505, 59606, 
19, Rhododen, 0, 0, 119, 138730, 
19, Rubus, 0, 0, 74, 23701, 
19, Vacciniu, 0, 0, 427, 223407, 
19, WhipMode, 0, 0, 236, 154385, 
20, ArbuMenz, 0, 0, 5087, 37808, 
20, Arctosta, 0, 0, 3482, 140705, 
20, CaloDecu, 42630, 0, 0, 142546, 
20, Ceanothu, 0, 0, 0, 12085, 
20, ChryChry, 0, 0, 161, 10887, 
20, Frangula, 0, 0, 81, 10419, 
20, Garrya, 0, 0, 359, 170870, 
20, GaulShal, 0, 0, 56, 61666, 
20, MahoNerv, 0, 0, 7, 47784, 
20, NothDens, 0, 0, 1211, 165229, 
20, PinuJeff, 0, 0, 0, 24030, 
20, PinuLamb, 0, 0, 0, 15291, 
20, PinuMont, 0, 0, 0, 5324, 
20, PseuMenz, 43217, 0, 0, 27024, 
20, Quercus, 0, 0, 773, 60078, 
20, Rhododen, 0, 0, 72, 133649, 
20, Rubus, 0, 0, 29, 22077, 
20, Vacciniu, 0, 0, 576, 216921, 
20, WhipMode, 0, 0, 147, 154807, 
21, ArbuMenz, 0, 0, 6501, 38890, 
21, Arctosta, 0, 0, 4386, 154738, 
21, CaloDecu, 0, 0, 0, 157344, 
21, Ceanothu, 0, 0, 0, 11499, 
21, ChryChry, 0, 0, 166, 11279, 
21, Frangula, 0, 0, 111, 11169, 
21, Garrya, 0, 0, 440, 187434, 
21, GaulShal, 0, 0, 84, 70089, 
21, MahoNerv, 0, 0, 33, 55129, 
21, NothDens, 0, 0, 991, 175213, 
21, PinuJeff, 0, 0, 0, 24053, 
21, PinuLamb, 0, 0, 0, 16702, 
21, PinuMont, 0, 0, 0, 6641, 
21, PseuMenz, 0, 0, 0, 28982, 
21, Quercus, 0, 0, 954, 66363, 
21, Rhododen, 0, 0, 101, 153044, 
21, Rubus, 0, 0, 52, 21866, 
21, Vacciniu, 0, 0, 655, 232003, 
21, WhipMode, 0, 0, 202, 169678, 
22, ArbuMenz, 0, 0, 2964, 40549, 
22, Arctosta, 0, 0, 2245, 165337, 
22, CaloDecu, 0, 0, 0, 172145, 
22, Ceanothu, 0, 0, 0, 12214, 
22, ChryChry, 0, 0, 93, 12595, 
22, Frangula, 0, 0, 33, 12043, 
22, Garrya, 0, 0, 260, 202371, 
22, GaulShal, 0, 0, 67, 78778, 
22, MahoNerv, 0, 0, 78, 62257, 
22, NothDens, 0, 0, 547, 184497, 
22, PinuJeff, 0, 0, 0, 24400, 
22, PinuLamb, 0, 0, 0, 18221, 
22, PinuMont, 0, 0, 0, 1444, 
22, PseuMenz, 0, 0, 0, 32649, 
22, Quercus, 0, 0, 506, 73969, 
22, Rhododen, 0, 0, 54, 140034, 
22, Rubus, 0, 0, 68, 23008, 
22, Vacciniu, 0, 0, 331, 245123, 
22, WhipMode, 0, 0, 250, 183183, 
23, ArbuMenz, 0, 0, 6908, 7772, 
23, Arctosta, 0, 0, 6949, 97630, 
23, CaloDecu, 0, 0, 0, 33367, 
23, Ceanothu, 0, 0, 0, 7443, 
23, ChryChry, 0, 0, 211, 1534, 
23, Frangula, 0, 0, 102, 4375, 
23, Garrya, 0, 0, 308, 122061, 
23, GaulShal, 0, 0, 87, 37629, 
23, MahoNerv, 0, 0, 72, 39849, 
23, NothDens, 0, 0, 915, 103687, 
23, PinuJeff, 0, 0, 0, 9588, 
23, PinuLamb, 0, 0, 0, 2166, 
23, PinuMont, 0, 0, 0, 4748, 
23, PseuMenz, 0, 0, 0, 3433, 
23, Quercus, 0, 0, 1414, 46461, 
23, Rhododen, 0, 0, 99, 80300, 
23, Rubus, 0, 0, 82, 11771, 
23, Vacciniu, 0, 0, 599, 142372, 
23, WhipMode, 0, 0, 319, 111438, 
24, ArbuMenz, 0, 0, 4063, 30280, 
24, Arctosta, 0, 0, 4192, 142852, 
24, CaloDecu, 0, 0, 0, 139679, 
24, Ceanothu, 0, 0, 0, 11410, 
24, ChryChry, 0, 0, 134, 9537, 
24, Frangula, 0, 0, 125, 11106, 
24, Garrya, 0, 0, 452, 187033, 
24, GaulShal, 0, 0, 100, 75641, 
24, MahoNerv, 0, 0, 21, 61808, 
24, NothDens, 0, 0, 607, 160691, 
24, PinuJeff, 0, 0, 0, 17228, 
24, PinuLamb, 0, 0, 0, 13624, 
24, PinuMont, 0, 0, 0, 4679, 
24, PseuMenz, 0, 0, 0, 26561, 
24, Quercus, 0, 0, 983, 70992, 
24, Rhododen, 0, 0, 162, 154308, 
24, Rubus, 0, 0, 65, 21057, 
24, Vacciniu, 0, 0, 500, 217384, 
24, WhipMode, 0, 0, 309, 170688, 
25, ArbuMenz, 0, 0, 12933, 26784, 
25, Arctosta, 0, 0, 13635, 141911, 
25, CaloDecu, 114559, 0, 0, 126548, 
25, Ceanothu, 0, 0, 0, 11652, 
25, ChryChry, 0, 0, 692, 7767, 
25, Frangula, 0, 0, 407, 10231, 
25, Garrya, 0, 0, 2213, 178341, 
25, GaulShal, 0, 0, 815, 74346, 
25, MahoNerv, 0, 0, 166, 61440, 
25, NothDens, 0, 0, 4843, 147845, 
25, PinuJeff, 0, 0, 0, 18857, 
25, PinuLamb, 0, 0, 0, 12035, 
25, PinuMont, 0, 0, 0, 874, 
25, PseuMenz, 116200, 0, 0, 22931, 
25, Quercus, 0, 0, 3965, 69752, 
25, Rhododen, 0, 0, 545, 118460, 
25, Rubus, 0, 0, 469, 20933, 
25, Vacciniu, 0, 0, 3299, 204355, 
25, WhipMode, 0, 0, 2163, 166646, 
26, ArbuMenz, 0, 0, 23329, 26955, 
26, Arctosta, 0, 0, 31008, 148180, 
26, CaloDecu, 0, 0, 0, 125841, 
26, Ceanothu, 0, 0, 0, 11733, 
26, ChryChry, 0, 0, 575, 8182, 
26, Frangula, 0, 0, 378, 10774, 
26, Garrya, 0, 0, 2162, 181432, 
26, GaulShal, 0, 0, 584, 74444, 
26, MahoNerv, 0, 0, 466, 60924, 
26, NothDens, 0, 0, 3129, 149944, 
26, PinuJeff, 0, 0, 0, 19192, 
26, PinuLamb, 0, 0, 0, 12319, 
26, PinuMont, 0, 0, 0, 0, 
26, PseuMenz, 0, 0, 0, 24291, 
26, Quercus, 0, 0, 8630, 70505, 
26, Rhododen, 0, 0, 869, 36421, 
26, Rubus, 0, 0, 447, 21431, 
26, Vacciniu, 0, 0, 2789, 207780, 
26, WhipMode, 0, 0, 1046, 169184, 
27, ArbuMenz, 0, 0, 2787, 34176, 
27, Arctosta, 0, 0, 4684, 180632, 
27, CaloDecu, 0, 0, 0, 139003, 
27, Ceanothu, 0, 0, 0, 14983, 
27, ChryChry, 0, 0, 78, 10151, 
27, Frangula, 0, 0, 55, 12979, 
27, Garrya, 0, 0, 238, 192142, 
27, GaulShal, 0, 0, 70, 80918, 
27, MahoNerv, 0, 0, 60, 65356, 
27, NothDens, 0, 0, 276, 161154, 
27, PinuJeff, 0, 0, 0, 24508, 
27, PinuLamb, 0, 0, 0, 15913, 
27, PinuMont, 0, 0, 0, 9840, 
27, PseuMenz, 0, 0, 0, 32431, 
27, Quercus, 0, 0, 1087, 87497, 
27, Rhododen, 0, 0, 88, 164542, 
27, Rubus, 0, 0, 78, 25470, 
27, Vacciniu, 0, 0, 311, 221298, 
27, WhipMode, 0, 0, 238, 179514, 
28, ArbuMenz, 0, 0, 7383, 15021, 
28, Arctosta, 0, 0, 14772, 125126, 
28, CaloDecu, 0, 0, 0, 24327, 
28, Ceanothu, 0, 0, 0, 10376, 
28, ChryChry, 0, 0, 241, 1738, 
28, Frangula, 0, 0, 205, 6679, 
28, Garrya, 0, 0, 1156, 129432, 
28, GaulShal, 0, 0, 270, 41706, 
28, MahoNerv, 0, 0, 126, 45084, 
28, NothDens, 0, 0, 2004, 105626, 
28, PinuJeff, 0, 0, 0, 14858, 
28, PinuLamb, 0, 0, 0, 2975, 
28, PinuMont, 0, 0, 0, 0, 
28, PseuMenz, 0, 0, 0, 6626, 
28, Quercus, 0, 0, 3942, 64231, 
28, Rhododen, 0, 0, 207, 56635, 
28, Rubus, 0, 0, 298, 17949, 
28, Vacciniu, 0, 0, 1427, 146409, 
28, WhipMode, 0, 0, 1142, 120473, 
29, ArbuMenz, 0, 0, 10884, 24543, 
29, Arctosta, 0, 0, 15593, 160245, 
29, CaloDecu, 0, 0, 0, 121543, 
29, Ceanothu, 0, 0, 0, 13650, 
29, ChryChry, 0, 0, 447, 7457, 
29, Frangula, 0, 0, 130, 13015, 
29, Garrya, 0, 0, 1184, 189449, 
29, GaulShal, 0, 0, 1086, 84986, 
29, MahoNerv, 0, 0, 884, 66308, 
29, NothDens, 0, 0, 2748, 149593, 
29, PinuJeff, 0, 0, 0, 20886, 
29, PinuLamb, 0, 0, 0, 11442, 
29, PinuMont, 0, 0, 0, 1368, 
29, PseuMenz, 0, 0, 0, 22428, 
29, Quercus, 0, 0, 4284, 80767, 
29, Rhododen, 0, 0, 800, 142844, 
29, Rubus, 0, 0, 628, 23918, 
29, Vacciniu, 0, 0, 2341, 209880, 
29, WhipMode, 0, 0, 1439, 177663, 
30, ArbuMenz, 0, 0, 7828, 14506, 
30, Arctosta, 0, 0, 11587, 135994, 
30, CaloDecu, 73794, 0, 0, 95690, 
30, Ceanothu, 0, 0, 0, 11381, 
30, ChryChry, 0, 0, 278, 5245, 
30, Frangula, 0, 0, 214, 9525, 
30, Garrya, 0, 0, 1004, 163079, 
30, GaulShal, 0, 0, 299, 71891, 
30, MahoNerv, 0, 0, 188, 59759, 
30, NothDens, 0, 0, 1647, 138672, 
30, PinuJeff, 0, 0, 0, 16345, 
30, PinuLamb, 0, 0, 0, 7930, 
30, PinuMont, 0, 0, 0, 7545, 
30, PseuMenz, 76354, 0, 0, 16262, 
30, Quercus, 0, 0, 3137, 70458, 
30, Rhododen, 0, 0, 325, 134677, 
30, Rubus, 0, 0, 448, 20804, 
30, Vacciniu, 0, 0, 1400, 178217, 
30, WhipMode, 0, 0, 688, 153963, 
31, ArbuMenz, 0, 0, 2117, 32807, 
31, Arctosta, 0, 0, 3327, 194267, 
31, CaloDecu, 0, 0, 0, 167323, 
31, Ceanothu, 0, 0, 0, 16103, 
31, ChryChry, 0, 0, 60, 11268, 
31, Frangula, 0, 0, 106, 17381, 
31, Garrya, 0, 0, 326, 215231, 
31, GaulShal, 0, 0, 111, 103474, 
31, MahoNerv, 0, 0, 12, 78432, 
31, NothDens, 0, 0, 355, 198073, 
31, PinuJeff, 0, 0, 0, 25965, 
31, PinuLamb, 0, 0, 0, 17034, 
31, PinuMont, 0, 0, 0, 5870, 
31, PseuMenz, 0, 0, 0, 37080, 
31, Quercus, 0, 0, 942, 102619, 
31, Rhododen, 0, 0, 253, 175857, 
31, Rubus, 0, 0, 76, 32641, 
31, Vacciniu, 0, 0, 326, 236631, 
31, WhipMode, 0, 0, 295, 201697, 
32, ArbuMenz, 0, 0, 1557, 37871, 
32, Arctosta, 0, 0, 3303, 211451, 
32, CaloDecu, 0, 0, 0, 226544, 
32, Ceanothu, 0, 0, 0, 17654, 
32, ChryChry, 0, 0, 114, 14426, 
32, Frangula, 0, 0, 100, 20512, 
32, Garrya, 0, 0, 414, 248186, 
32, GaulShal, 0, 0, 209, 123752, 
32, MahoNerv, 0, 0, 148, 91420, 
32, NothDens, 0, 0, 375, 235000, 
32, PinuJeff, 0, 0, 0, 28775, 
32, PinuLamb, 0, 0, 0, 22986, 
32, PinuMont, 0, 0, 0, 2840, 
32, PseuMenz, 0, 0, 0, 47836, 
32, Quercus, 0, 0, 1091, 110161, 
32, Rhododen, 0, 0, 156, 186753, 
32, Rubus, 0, 0, 248, 37462, 
32, Vacciniu, 0, 0, 412, 270489, 
32, WhipMode, 0, 0, 352, 232950, 
33, ArbuMenz, 0, 0, 11325, 24722, 
33, Arctosta, 0, 0, 21402, 162801, 
33, CaloDecu, 0, 0, 0, 156061, 
33, Ceanothu, 0, 0, 0, 11958, 
33, ChryChry, 0, 0, 793, 8448, 
33, Frangula, 0, 0, 662, 14759, 
33, Garrya, 0, 0, 4141, 198891, 
33, GaulShal, 0, 0, 1243, 98948, 
33, MahoNerv, 0, 0, 222, 77278, 
33, NothDens, 0, 0, 4920, 189709, 
33, PinuJeff, 0, 0, 0, 19653, 
33, PinuLamb, 0, 0, 0, 13327, 
33, PinuMont, 0, 0, 0, 4023, 
33, PseuMenz, 0, 0, 0, 29978, 
33, Quercus, 0, 0, 6965, 86507, 
33, Rhododen, 0, 0, 2028, 170933, 
33, Rubus, 0, 0, 551, 29578, 
33, Vacciniu, 0, 0, 4741, 216825, 
33, WhipMode, 0, 0, 2697, 185802, 
34, ArbuMenz, 0, 0, 14810, 17598, 
34, Arctosta, 0, 0, 37416, 144583, 
34, CaloDecu, 0, 0, 0, 68907, 
34, Ceanothu, 0, 0, 0, 10671, 
34, ChryChry, 0, 0, 613, 3817, 
34, Frangula, 0, 0, 594, 9368, 
34, Garrya, 0, 0, 2285, 152931, 
34, GaulShal, 0, 0, 706, 59639, 
34, MahoNerv, 0, 0, 340, 57871, 
34, NothDens, 0, 0, 2824, 147054, 
34, PinuJeff, 0, 0, 0, 17207, 
34, PinuLamb, 0, 0, 0, 6421, 
34, PinuMont, 0, 0, 0, 0, 
34, PseuMenz, 0, 0, 0, 15283, 
34, Quercus, 0, 0, 11278, 72632, 
34, Rhododen, 0, 0, 1182, 40169, 
34, Rubus, 0, 0, 640, 23863, 
34, Vacciniu, 0, 0, 2672, 165967, 
34, WhipMode, 0, 0, 1348, 142742, 
35, ArbuMenz, 0, 0, 7883, 22631, 
35, Arctosta, 0, 0, 13451, 161383, 
35, CaloDecu, 75347, 0, 0, 150344, 
35, Ceanothu, 0, 0, 0, 11987, 
35, ChryChry, 0, 0, 495, 6951, 
35, Frangula, 0, 0, 520, 13713, 
35, Garrya, 0, 0, 1554, 192305, 
35, GaulShal, 0, 0, 504, 100973, 
35, MahoNerv, 0, 0, 79, 78826, 
35, NothDens, 0, 0, 2301, 185149, 
35, PinuJeff, 0, 0, 0, 18953, 
35, PinuLamb, 0, 0, 0, 11594, 
35, PinuMont, 0, 0, 0, 4024, 
35, PseuMenz, 76732, 0, 0, 25526, 
35, Quercus, 0, 0, 4075, 85136, 
35, Rhododen, 0, 0, 1216, 163362, 
35, Rubus, 0, 0, 266, 29124, 
35, Vacciniu, 0, 0, 1838, 206242, 
35, WhipMode, 0, 0, 1082, 183103, 
36, ArbuMenz, 0, 0, 10669, 16657, 
36, Arctosta, 0, 0, 25249, 140713, 
36, CaloDecu, 0, 0, 0, 94403, 
36, Ceanothu, 0, 0, 0, 11326, 
36, ChryChry, 0, 0, 408, 3631, 
36, Frangula, 0, 0, 405, 10637, 
36, Garrya, 0, 0, 1339, 171090, 
36, GaulShal, 0, 0, 444, 84875, 
36, MahoNerv, 0, 0, 225, 70249, 
36, NothDens, 0, 0, 1789, 164098, 
36, PinuJeff, 0, 0, 0, 17001, 
36, PinuLamb, 0, 0, 0, 5899, 
36, PinuMont, 0, 0, 0, 0, 
36, PseuMenz, 0, 0, 0, 11152, 
36, Quercus, 0, 0, 7319, 74241, 
36, Rhododen, 0, 0, 469, 75817, 
36, Rubus, 0, 0, 508, 24573, 
36, Vacciniu, 0, 0, 1473, 182809, 
36, WhipMode, 0, 0, 790, 161991, 
37, ArbuMenz, 0, 0, 5617, 21427, 
37, Arctosta, 0, 0, 18761, 145880, 
37, CaloDecu, 0, 0, 0, 112280, 
37, Ceanothu, 0, 0, 0, 12011, 
37, ChryChry, 0, 0, 321, 5248, 
37, Frangula, 0, 0, 371, 12489, 
37, Garrya, 0, 0, 1137, 174569, 
37, GaulShal, 0, 0, 385, 87744, 
37, MahoNerv, 0, 0, 273, 71773, 
37, NothDens, 0, 0, 1434, 169719, 
37, PinuJeff, 0, 0, 0, 18980, 
37, PinuLamb, 0, 0, 0, 8900, 
37, PinuMont, 0, 0, 0, 8169, 
37, PseuMenz, 0, 0, 0, 20446, 
37, Quercus, 0, 0, 5131, 80757, 
37, Rhododen, 0, 0, 582, 151473, 
37, Rubus, 0, 0, 383, 28774, 
37, Vacciniu, 0, 0, 1199, 188461, 
37, WhipMode, 0, 0, 777, 165635, 
38, ArbuMenz, 0, 0, 8919, 36095, 
38, Arctosta, 0, 0, 18485, 208379, 
38, CaloDecu, 0, 0, 0, 219272, 
38, Ceanothu, 0, 0, 0, 17422, 
38, ChryChry, 0, 0, 607, 10111, 
38, Frangula, 0, 0, 538, 19872, 
38, Garrya, 0, 0, 2952, 241405, 
38, GaulShal, 0, 0, 802, 135077, 
38, MahoNerv, 0, 0, 562, 100614, 
38, NothDens, 0, 0, 3238, 186622, 
38, PinuJeff, 0, 0, 0, 30270, 
38, PinuLamb, 0, 0, 0, 18180, 
38, PinuMont, 0, 0, 0, 0, 
38, PseuMenz, 0, 0, 0, 40404, 
38, Quercus, 0, 0, 6309, 111688, 
38, Rhododen, 0, 0, 1830, 15661, 
38, Rubus, 0, 0, 782, 40703, 
38, Vacciniu, 0, 0, 3007, 260323, 
38, WhipMode, 0, 0, 1823, 230785, 
39, ArbuMenz, 0, 0, 13103, 27121, 
39, Arctosta, 0, 0, 34274, 174180, 
39, CaloDecu, 0, 0, 0, 154488, 
39, Ceanothu, 0, 0, 0, 14669, 
39, ChryChry, 0, 0, 336, 7406, 
39, Frangula, 0, 0, 505, 15013, 
39, Garrya, 0, 0, 1985, 198504, 
39, GaulShal, 0, 0, 567, 106971, 
39, MahoNerv, 0, 0, 440, 83864, 
39, NothDens, 0, 0, 2599, 194948, 
39, PinuJeff, 0, 0, 0, 24053, 
39, PinuLamb, 0, 0, 0, 12510, 
39, PinuMont, 0, 0, 0, 8028, 
39, PseuMenz, 0, 0, 0, 27424, 
39, Quercus, 0, 0, 12893, 92312, 
39, Rhododen, 0, 0, 580, 180814, 
39, Rubus, 0, 0, 1136, 32647, 
39, Vacciniu, 0, 0, 2445, 212524, 
39, WhipMode, 0, 0, 1599, 191029, 
40, ArbuMenz, 0, 0, 2425, 13509, 
40, Arctosta, 0, 0, 5285, 126368, 
40, CaloDecu, 74776, 0, 0, 26204, 
40, Ceanothu, 0, 0, 0, 11513, 
40, ChryChry, 0, 0, 107, 1435, 
40, Frangula, 0, 0, 132, 8146, 
40, Garrya, 0, 0, 654, 131557, 
40, GaulShal, 0, 0, 207, 54075, 
40, MahoNerv, 0, 0, 187, 56247, 
40, NothDens, 0, 0, 945, 128580, 
40, PinuJeff, 0, 0, 0, 16757, 
40, PinuLamb, 0, 0, 0, 2737, 
40, PinuMont, 0, 0, 0, 0, 
40, PseuMenz, 75797, 0, 0, 5965, 
40, Quercus, 0, 0, 1416, 72401, 
40, Rhododen, 0, 0, 381, 57633, 
40, Rubus, 0, 0, 203, 23659, 
40, Vacciniu, 0, 0, 752, 139497, 
40, WhipMode, 0, 0, 523, 126566, 
41, ArbuMenz, 0, 0, 2490, 32120, 
41, Arctosta, 0, 0, 5680, 181300, 
41, CaloDecu, 0, 0, 0, 182769, 
41, Ceanothu, 0, 0, 0, 16704, 
41, ChryChry, 0, 0, 148, 9656, 
41, Frangula, 0, 0, 234, 19024, 
41, Garrya, 0, 0, 545, 218764, 
41, GaulShal, 0, 0, 186, 127592, 
41, MahoNerv, 0, 0, 200, 96719, 
41, NothDens, 0, 0, 610, 213588, 
41, PinuJeff, 0, 0, 0, 27075, 
41, PinuLamb, 0, 0, 0, 15269, 
41, PinuMont, 0, 0, 0, 404, 
41, PseuMenz, 0, 0, 0, 34321, 
41, Quercus, 0, 0, 2057, 104167, 
41, Rhododen, 0, 0, 302, 108036, 
41, Rubus, 0, 0, 311, 39394, 
41, Vacciniu, 0, 0, 577, 233843, 
41, WhipMode, 0, 0, 424, 210065, 
42, ArbuMenz, 0, 0, 6893, 27950, 
42, Arctosta, 0, 0, 16131, 170153, 
42, CaloDecu, 0, 0, 0, 147620, 
42, Ceanothu, 0, 0, 0, 15778, 
42, ChryChry, 0, 0, 440, 8049, 
42, Frangula, 0, 0, 553, 16708, 
42, Garrya, 0, 0, 5796, 198297, 
42, GaulShal, 0, 0, 3303, 114100, 
42, MahoNerv, 0, 0, 1615, 88342, 
42, NothDens, 0, 0, 5562, 194027, 
42, PinuJeff, 0, 0, 0, 25799, 
42, PinuLamb, 0, 0, 0, 11895, 
42, PinuMont, 0, 0, 0, 1154, 
42, PseuMenz, 0, 0, 0, 26006, 
42, Quercus, 0, 0, 6551, 97625, 
42, Rhododen, 0, 0, 2933, 135601, 
42, Rubus, 0, 0, 1236, 36845, 
42, Vacciniu, 0, 0, 5249, 212058, 
42, WhipMode, 0, 0, 4567, 191760, 
43, ArbuMenz, 0, 0, 7644, 27217, 
43, Arctosta, 0, 0, 14244, 161865, 
43, CaloDecu, 0, 0, 0, 140543, 
43, Ceanothu, 0, 0, 0, 15149, 
43, ChryChry, 0, 0, 324, 7114, 
43, Frangula, 0, 0, 353, 16120, 
43, Garrya, 0, 0, 1469, 198966, 
43, GaulShal, 0, 0, 362, 116151, 
43, MahoNerv, 0, 0, 109, 90723, 
43, NothDens, 0, 0, 1585, 195286, 
43, PinuJeff, 0, 0, 0, 25284, 
43, PinuLamb, 0, 0, 0, 9970, 
43, PinuMont, 0, 0, 0, 1097, 
43, PseuMenz, 0, 0, 0, 21836, 
43, Quercus, 0, 0, 4117, 94050, 
43, Rhododen, 0, 0, 1010, 151998, 
43, Rubus, 0, 0, 241, 36420, 
43, Vacciniu, 0, 0, 1475, 211743, 
43, WhipMode, 0, 0, 848, 193553, 
44, ArbuMenz, 0, 0, 4797, 9330, 
44, Arctosta, 0, 0, 12585, 116260, 
44, CaloDecu, 0, 0, 0, 20889, 
44, Ceanothu, 0, 0, 0, 10929, 
44, ChryChry, 0, 0, 226, 855, 
44, Frangula, 0, 0, 273, 6583, 
44, Garrya, 0, 0, 811, 131551, 
44, GaulShal, 0, 0, 243, 56063, 
44, MahoNerv, 0, 0, 98, 60287, 
44, NothDens, 0, 0, 883, 128094, 
44, PinuJeff, 0, 0, 0, 15058, 
44, PinuLamb, 0, 0, 0, 1229, 
44, PinuMont, 0, 0, 0, 2469, 
44, PseuMenz, 0, 0, 0, 2007, 
44, Quercus, 0, 0, 4373, 68178, 
44, Rhododen, 0, 0, 387, 82456, 
44, Rubus, 0, 0, 402, 22836, 
44, Vacciniu, 0, 0, 791, 138877, 
44, WhipMode, 0, 0, 429, 127280, 
45, ArbuMenz, 0, 0, 2201, 29946, 
45, Arctosta, 0, 0, 3121, 171036, 
45, CaloDecu, 112902, 0, 0, 156669, 
45, Ceanothu, 0, 0, 0, 16609, 
45, ChryChry, 0, 0, 133, 8417, 
45, Frangula, 0, 0, 147, 17867, 
45, Garrya, 0, 0, 622, 200918, 
45, GaulShal, 0, 0, 227, 122525, 
45, MahoNerv, 0, 0, 156, 94421, 
45, NothDens, 0, 0, 868, 196498, 
45, PinuJeff, 0, 0, 0, 26495, 
45, PinuLamb, 0, 0, 0, 12188, 
45, PinuMont, 0, 0, 0, 3857, 
45, PseuMenz, 114021, 0, 0, 28100, 
45, Quercus, 0, 0, 1312, 100277, 
45, Rhododen, 0, 0, 380, 175177, 
45, Rubus, 0, 0, 154, 38797, 
45, Vacciniu, 0, 0, 694, 212846, 
45, WhipMode, 0, 0, 496, 195833, 
46, ArbuMenz, 0, 0, 4782, 9439, 
46, Arctosta, 0, 0, 14665, 121944, 
46, CaloDecu, 0, 0, 0, 32230, 
46, Ceanothu, 0, 0, 0, 12033, 
46, ChryChry, 0, 0, 222, 1351, 
46, Frangula, 0, 0, 177, 7380, 
46, Garrya, 0, 0, 904, 140581, 
46, GaulShal, 0, 0, 496, 64164, 
46, MahoNerv, 0, 0, 293, 66140, 
46, NothDens, 0, 0, 1282, 137227, 
46, PinuJeff, 0, 0, 0, 16635, 
46, PinuLamb, 0, 0, 0, 1867, 
46, PinuMont, 0, 0, 0, 1094, 
46, PseuMenz, 0, 0, 0, 3166, 
46, Quercus, 0, 0, 4044, 73191, 
46, Rhododen, 0, 0, 601, 85320, 
46, Rubus, 0, 0, 572, 24874, 
46, Vacciniu, 0, 0, 1137, 148914, 
46, WhipMode, 0, 0, 668, 137172, 
47, ArbuMenz, 0, 0, 7126, 29871, 
47, Arctosta, 0, 0, 18226, 168042, 
47, CaloDecu, 0, 0, 0, 150119, 
47, Ceanothu, 0, 0, 0, 16983, 
47, ChryChry, 0, 0, 379, 7913, 
47, Frangula, 0, 0, 435, 18870, 
47, Garrya, 0, 0, 2846, 203074, 
47, GaulShal, 0, 0, 571, 124383, 
47, MahoNerv, 0, 0, 441, 96963, 
47, NothDens, 0, 0, 2943, 152598, 
47, PinuJeff, 0, 0, 0, 25259, 
47, PinuLamb, 0, 0, 0, 11328, 
47, PinuMont, 0, 0, 0, 0, 
47, PseuMenz, 0, 0, 0, 26832, 
47, Quercus, 0, 0, 6701, 100665, 
47, Rhododen, 0, 0, 1663, 0, 
47, Rubus, 0, 0, 767, 39806, 
47, Vacciniu, 0, 0, 2841, 215453, 
47, WhipMode, 0, 0, 1643, 198630, 
48, ArbuMenz, 0, 0, 9984, 8295, 
48, Arctosta, 0, 0, 32696, 116308, 
48, CaloDecu, 0, 0, 0, 72686, 
48, Ceanothu, 0, 0, 0, 11455, 
48, ChryChry, 0, 0, 350, 2943, 
48, Frangula, 0, 0, 619, 7876, 
48, Garrya, 0, 0, 2852, 150128, 
48, GaulShal, 0, 0, 1853, 78879, 
48, MahoNerv, 0, 0, 1286, 73973, 
48, NothDens, 0, 0, 3130, 142070, 
48, PinuJeff, 0, 0, 0, 13509, 
48, PinuLamb, 0, 0, 0, 3904, 
48, PinuMont, 0, 0, 0, 0, 
48, PseuMenz, 0, 0, 0, 7062, 
48, Quercus, 0, 0, 11427, 69606, 
48, Rhododen, 0, 0, 1654, 14545, 
48, Rubus, 0, 0, 1494, 23443, 
48, Vacciniu, 0, 0, 3260, 157093, 
48, WhipMode, 0, 0, 2480, 146428, 
49, ArbuMenz, 0, 0, 5704, 24508, 
49, Arctosta, 0, 0, 11821, 159207, 
49, CaloDecu, 0, 0, 0, 141450, 
49, Ceanothu, 0, 0, 0, 16146, 
49, ChryChry, 0, 0, 215, 6904, 
49, Frangula, 0, 0, 136, 18073, 
49, Garrya, 0, 0, 575, 201630, 
49, GaulShal, 0, 0, 132, 126225, 
49, MahoNerv, 0, 0, 179, 98083, 
49, NothDens, 0, 0, 966, 195631, 
49, PinuJeff, 0, 0, 0, 22693, 
49, PinuLamb, 0, 0, 0, 8915, 
49, PinuMont, 0, 0, 0, 3135, 
49, PseuMenz, 0, 0, 0, 20109, 
49, Quercus, 0, 0, 4854, 95807, 
49, Rhododen, 0, 0, 455, 170851, 
49, Rubus, 0, 0, 656, 36356, 
49, Vacciniu, 0, 0, 873, 212745, 
49, WhipMode, 0, 0, 212, 196861, 
50, ArbuMenz, 0, 0, 10587, 23290, 
50, Arctosta, 0, 0, 30256, 148420, 
50, CaloDecu, 56863, 0, 0, 122987, 
50, Ceanothu, 0, 0, 0, 15232, 
50, ChryChry, 0, 0, 415, 6252, 
50, Frangula, 0, 0, 570, 17341, 
50, Garrya, 0, 0, 2298, 187084, 
50, GaulShal, 0, 0, 1564, 114959, 
50, MahoNerv, 0, 0, 1215, 90870, 
50, NothDens, 0, 0, 2742, 180447, 
50, PinuJeff, 0, 0, 0, 21758, 
50, PinuLamb, 0, 0, 0, 8174, 
50, PinuMont, 0, 0, 0, 0, 
50, PseuMenz, 57420, 0, 0, 18558, 
50, Quercus, 0, 0, 11565, 89439, 
50, Rhododen, 0, 0, 1653, 93048, 
50, Rubus, 0, 0, 1281, 33327, 
50, Vacciniu, 0, 0, 2749, 196181, 
50, WhipMode, 0, 0, 2165, 181712, 
51, ArbuMenz, 0, 0, 4754, 20789, 
51, Arctosta, 0, 0, 19069, 146007, 
51, CaloDecu, 0, 0, 0, 71100, 
51, Ceanothu, 0, 0, 0, 16014, 
51, ChryChry, 0, 0, 189, 4412, 
51, Frangula, 0, 0, 304, 14370, 
51, Garrya, 0, 0, 1231, 158715, 
51, GaulShal, 0, 0, 480, 77852, 
51, MahoNerv, 0, 0, 310, 75294, 
51, NothDens, 0, 0, 1194, 153044, 
51, PinuJeff, 0, 0, 0, 20691, 
51, PinuLamb, 0, 0, 0, 6001, 
51, PinuMont, 0, 0, 0, 0, 
51, PseuMenz, 0, 0, 0, 15055, 
51, Quercus, 0, 0, 6782, 89372, 
51, Rhododen, 0, 0, 702, 40434, 
51, Rubus, 0, 0, 480, 32203, 
51, Vacciniu, 0, 0, 1254, 168129, 
51, WhipMode, 0, 0, 815, 153153, 
